1,10,5:00,142,328
1,10,5:02,141,328
1,10,5:04,141,327
1,10,5:06,140,327
1,10,5:08,140,326
1,10,5:10,140,325
1,10,5:12,140,324
1,10,5:14,139,324
1,10,5:16,139,323
1,10,5:18,139,322
1,10,5:20,139,321
1,10,5:22,138,321
1,10,5:24,138,320
1,10,5:26,138,319
1,10,5:28,138,318
1,10,5:30,137,318
1,10,5:32,137,317
1,10,5:34,137,316
1,10,5:36,137,315
1,10,5:38,136,315
1,10,5:40,136,314
1,10,5:42,136,313
1,10,5:44,136,312
1,10,5:46,135,312
1,10,5:48,135,311
1,10,5:50,135,310
1,10,5:52,135,309
1,10,5:54,134,309
1,10,5:56,134,308
1,10,5:58,134,307
1,10,6:00,134,306
1,10,6:02,133,306
1,10,6:04,133,305
1,10,6:06,133,304
1,10,6:08,133,303
1,10,6:10,132,303
1,10,6:12,132,302
1,10,6:14,132,301
1,10,6:16,132,300
1,10,6:18,131,300
1,10,6:20,131,299
1,10,6:22,131,298
1,10,6:24,131,297
1,10,6:26,130,297
1,10,6:28,130,296
1,10,6:30,130,295
1,10,6:32,130,294
1,10,6:34,129,294
1,10,6:36,129,293
1,10,6:38,129,292
1,10,6:40,129,291
1,10,6:42,128,291
1,10,6:44,128,290
1,10,6:46,128,289
1,10,6:48,128,288
1,10,6:50,127,288
1,10,6:52,127,287
1,10,6:54,127,286
1,10,6:56,127,285
1,10,6:58,126,285
1,10,7:00,126,284
1,10,7:02,126,283
1,10,7:04,126,282
1,10,7:06,125,282
1,10,7:08,125,281
1,10,7:10,125,280
1,10,7:12,125,279
1,10,7:14,124,279
1,10,7:16,124,278
1,10,7:18,124,277
1,10,7:20,124,276
1,10,7:22,123,276
1,10,7:24,123,275
1,10,7:26,123,274
1,10,7:28,123,273
1,10,7:30,122,273
1,10,7:32,122,272
1,10,7:34,122,271
1,10,7:36,122,270
1,10,7:38,121,270
1,10,7:40,121,269
1,10,7:42,121,268
1,10,7:44,121,267
1,10,7:46,120,267
1,10,7:48,120,266
1,10,7:50,120,265
1,10,7:52,120,264
1,10,7:54,119,264
1,10,7:56,119,263
1,10,7:58,119,262
1,10,8:00,119,261
1,10,8:02,118,261
1,10,8:04,118,260
1,10,8:06,118,259
1,10,8:08,118,258
1,10,8:10,117,258
1,10,8:12,117,257
1,10,8:14,117,256
1,10,8:16,117,255
1,10,8:18,116,255
1,10,8:20,116,254
1,10,8:22,116,253
1,10,8:24,116,252
1,10,8:26,115,252
1,10,8:28,115,251
1,10,8:30,115,250
1,10,8:32,115,249
1,10,8:34,114,249
1,10,8:36,114,248
1,10,8:38,114,247
1,10,8:40,114,246
1,10,8:42,113,246
1,10,8:44,113,245
1,10,8:46,113,244
1,10,8:48,113,243
1,10,8:50,112,243
1,10,8:52,112,242
1,10,8:54,112,241
1,10,8:56,112,240
1,10,8:58,111,240
1,10,9:00,111,239
1,10,9:02,111,238
1,10,9:04,111,237
1,10,9:06,110,237
1,10,9:08,110,236
1,10,9:10,110,235
1,10,9:12,110,234
1,10,9:14,109,234
1,10,9:16,109,233
1,10,9:18,109,232
1,10,9:20,109,231
1,10,9:22,108,231
1,10,9:24,108,230
1,10,9:26,108,229
1,10,9:28,108,228
1,10,9:30,107,228
1,10,9:32,107,227
1,10,9:34,107,226
1,10,9:36,107,225
1,10,9:38,106,225
1,10,9:40,106,224
1,10,9:42,106,223
1,10,9:44,106,222
1,10,9:46,105,222
1,10,9:48,105,221
1,10,9:50,105,220
1,10,9:52,105,219
1,10,9:54,104,219
1,10,9:56,104,218
1,10,9:58,104,217
1,10,10:00,104,216
1,10,10:02,103,216
1,10,10:04,103,215
1,10,10:06,103,214
1,10,10:08,103,213
1,10,10:10,102,213
1,10,10:12,102,212
1,10,10:14,102,211
1,10,10:16,102,210
1,10,10:18,101,210
1,10,10:20,101,209
1,10,10:22,101,208
1,10,10:24,101,207
1,10,10:26,100,207
1,10,10:28,100,206
1,10,10:30,100,205
1,10,10:32,100,204
1,10,10:34,99,204
1,10,10:36,99,203
1,10,10:38,98,203
1,10,10:40,97,203
1,10,10:42,96,203
1,10,10:44,95,203
1,10,10:46,94,203
1,10,10:48,93,203
1,10,10:50,92,203
1,10,10:52,91,203
1,10,10:54,90,203
1,10,10:56,89,203
1,10,10:58,88,203
1,10,11:00,87,203
1,10,11:02,86,203
1,10,11:04,85,203
1,10,11:06,84,203
2,10,5:20,142,328
2,10,5:22,143,328
2,10,5:24,144,328
2,10,5:26,144,329
2,10,5:28,144,330
2,10,5:30,144,331
2,10,5:32,145,331
2,10,5:34,145,332
2,10,5:36,145,333
2,10,5:38,145,334
2,10,5:40,146,334
2,10,5:42,146,335
2,10,5:44,146,336
2,10,5:46,146,337
2,10,5:48,147,337
2,10,5:50,147,338
2,10,5:52,147,339
2,10,5:54,147,340
2,10,5:56,148,340
2,10,5:58,148,341
2,10,6:00,148,342
2,10,6:02,148,343
2,10,6:04,149,343
2,10,6:06,149,344
2,10,6:08,149,345
2,10,6:10,149,346
2,10,6:12,150,346
2,10,6:14,150,347
2,10,6:16,150,348
2,10,6:18,150,349
2,10,6:20,151,349
2,10,6:22,151,350
2,10,6:24,151,351
2,10,6:26,151,352
2,10,6:28,152,352
2,10,6:30,152,353
2,10,6:32,152,354
2,10,6:34,152,355
2,10,6:36,153,355
2,10,6:38,153,356
2,10,6:40,153,357
2,10,6:42,153,358
2,10,6:44,154,358
2,10,6:46,154,359
2,10,6:48,154,360
2,10,6:50,154,361
2,10,6:52,155,361
2,10,6:54,155,362
2,10,6:56,155,363
2,10,6:58,155,364
2,10,7:00,156,364
2,10,7:02,156,365
2,10,7:04,156,366
2,10,7:06,156,367
2,10,7:08,157,367
2,10,7:10,157,368
2,10,7:12,157,369
2,10,7:14,157,370
2,10,7:16,158,370
2,10,7:18,158,371
2,10,7:20,159,371
2,10,7:22,160,371
2,10,7:24,161,371
2,10,7:26,162,371
2,10,7:28,163,371
2,10,7:30,164,371
2,10,7:32,165,371
2,10,7:34,166,371
2,10,7:36,167,371
2,10,7:38,168,371
2,10,7:40,169,371
2,10,7:42,170,371
2,10,7:44,171,371
2,10,7:46,172,371
2,10,7:48,173,371
2,10,7:50,174,371
2,10,7:52,175,371
2,10,7:54,176,371
2,10,7:56,177,371
2,10,7:58,178,371
2,10,8:00,179,371
2,10,8:02,180,371
2,10,8:04,181,371
2,10,8:06,182,371
2,10,8:08,183,371
2,10,8:10,184,371
2,10,8:12,185,371
2,10,8:14,186,371
2,10,8:16,187,371
2,10,8:18,188,371
2,10,8:20,189,371
2,10,8:22,190,371
2,10,8:24,191,371
2,10,8:26,192,371
2,10,8:28,193,371
2,10,8:30,194,371
2,10,8:32,195,371
2,10,8:34,196,371
2,10,8:36,197,371
2,10,8:38,198,371
2,10,8:40,199,371
3,10,4:00,142,328
3,10,4:02,141,328
3,10,4:04,141,327
3,10,4:06,140,327
3,10,4:08,140,326
3,10,4:10,140,325
3,10,4:12,140,324
3,10,4:14,140,323
3,10,4:16,140,322
3,10,4:18,140,321
3,10,4:20,140,320
3,10,4:22,140,319
3,10,4:24,140,318
3,10,4:26,140,317
3,10,4:28,140,316
3,10,4:30,140,315
3,10,4:32,140,314
3,10,4:34,140,313
3,10,4:36,140,312
3,10,4:38,140,311
3,10,4:40,140,310
3,10,4:42,140,309
3,10,4:44,140,308
3,10,4:46,140,307
3,10,4:48,140,306
3,10,4:50,140,305
3,10,4:52,140,304
3,10,4:54,140,303
3,10,4:56,140,302
3,10,4:58,140,301
3,10,5:00,140,300
3,10,5:02,140,299
3,10,5:04,140,298
3,10,5:06,140,297
3,10,5:08,140,296
3,10,5:10,140,295
3,10,5:12,140,294
3,10,5:14,140,293
3,10,5:16,140,292
3,10,5:18,140,291
3,10,5:20,140,290
3,10,5:22,140,289
3,10,5:24,140,288
3,10,5:26,140,287
3,10,5:28,140,286
3,10,5:30,140,285
3,10,5:32,140,284
3,10,5:34,140,283
3,10,5:36,140,282
3,10,5:38,140,281
3,10,5:40,140,280
3,10,5:42,140,279
3,10,5:44,140,278
3,10,5:46,140,277
3,10,5:48,140,276
3,10,5:50,140,275
3,10,5:52,140,274
3,10,5:54,140,273
3,10,5:56,140,272
3,10,5:58,140,271
3,10,6:00,140,270
3,10,6:02,140,269
3,10,6:04,140,268
3,10,6:06,140,267
3,10,6:08,140,266
3,10,6:10,140,265
3,10,6:12,140,264
3,10,6:14,140,263
3,10,6:16,140,262
3,10,6:18,140,261
3,10,6:20,140,260
3,10,6:22,140,259
3,10,6:24,140,258
3,10,6:26,140,257
3,10,6:28,140,256
3,10,6:30,140,255
3,10,6:32,140,254
3,10,6:34,140,253
3,10,6:36,140,252
3,10,6:38,140,251
3,10,6:40,140,250
3,10,6:42,140,249
3,10,6:44,140,248
3,10,6:46,140,247
3,10,6:48,140,246
3,10,6:50,140,245
3,10,6:52,140,244
3,10,6:54,140,243
3,10,6:56,140,242
3,10,6:58,140,241
3,10,7:00,140,240
3,10,7:02,140,239
3,10,7:04,140,238
3,10,7:06,140,237
3,10,7:08,140,236
3,10,7:10,140,235
3,10,7:12,140,234
4,10,4:50,142,328
4,10,4:52,143,328
4,10,4:54,144,328
4,10,4:56,145,328
4,10,4:58,146,328
4,10,5:00,146,327
4,10,5:02,146,326
4,10,5:04,147,326
4,10,5:06,148,326
4,10,5:08,148,325
4,10,5:10,148,324
4,10,5:12,149,324
4,10,5:14,150,324
4,10,5:16,150,323
4,10,5:18,150,322
4,10,5:20,151,322
4,10,5:22,152,322
4,10,5:24,152,321
4,10,5:26,152,320
4,10,5:28,153,320
4,10,5:30,154,320
4,10,5:32,154,319
4,10,5:34,154,318
4,10,5:36,155,318
4,10,5:38,156,318
4,10,5:40,156,317
4,10,5:42,156,316
4,10,5:44,157,316
4,10,5:46,158,316
4,10,5:48,158,315
4,10,5:50,158,314
4,10,5:52,159,314
4,10,5:54,160,314
4,10,5:56,160,313
4,10,5:58,160,312
4,10,6:00,161,312
4,10,6:02,162,312
4,10,6:04,162,311
4,10,6:06,162,310
4,10,6:08,163,310
4,10,6:10,164,310
4,10,6:12,164,309
4,10,6:14,164,308
4,10,6:16,165,308
4,10,6:18,166,308
4,10,6:20,166,307
4,10,6:22,166,306
4,10,6:24,167,306
4,10,6:26,168,306
4,10,6:28,168,305
4,10,6:30,168,304
4,10,6:32,169,304
4,10,6:34,170,304
4,10,6:36,170,303
4,10,6:38,170,302
4,10,6:40,171,302
4,10,6:42,172,302
4,10,6:44,172,301
4,10,6:46,172,300
4,10,6:48,173,300
4,10,6:50,174,300
4,10,6:52,174,299
4,10,6:54,174,298
4,10,6:56,175,298
4,10,6:58,176,298
4,10,7:00,176,297
4,10,7:02,176,296
4,10,7:04,177,296
4,10,7:06,178,296
4,10,7:08,178,295
4,10,7:10,178,294
4,10,7:12,179,294
4,10,7:14,180,294
4,10,7:16,180,293
4,10,7:18,180,292
4,10,7:20,181,292
4,10,7:22,182,292
4,10,7:24,182,291
4,10,7:26,182,290
4,10,7:28,183,290
4,10,7:30,184,290
4,10,7:32,184,289
4,10,7:34,184,288
4,10,7:36,185,288
4,10,7:38,186,288
4,10,7:40,186,287
4,10,7:42,186,286
4,10,7:44,187,286
4,10,7:46,188,286
4,10,7:48,188,285
4,10,7:50,188,284
4,10,7:52,189,284
4,10,7:54,190,284
4,10,7:56,190,283
4,10,7:58,190,282
4,10,8:00,191,282
4,10,8:02,192,282
4,10,8:04,192,281
4,10,8:06,192,280
4,10,8:08,193,280
4,10,8:10,194,280
4,10,8:12,194,279
4,10,8:14,194,278
4,10,8:16,195,278
4,10,8:18,196,278
4,10,8:20,196,277
4,10,8:22,196,276
4,10,8:24,197,276
4,10,8:26,198,276
4,10,8:28,198,275
4,10,8:30,198,274
4,10,8:32,199,274
4,10,8:34,200,274
4,10,8:36,200,273
4,10,8:38,200,272
4,10,8:40,201,272
4,10,8:42,202,272
4,10,8:44,202,271
4,10,8:46,202,270
4,10,8:48,203,270
4,10,8:50,204,270
4,10,8:52,204,269
4,10,8:54,204,268
4,10,8:56,205,268
4,10,8:58,206,268
4,10,9:00,206,267
4,10,9:02,206,266
4,10,9:04,207,266
4,10,9:06,208,266
4,10,9:08,208,265
4,10,9:10,208,264
4,10,9:12,209,264
4,10,9:14,210,264
4,10,9:16,210,263
4,10,9:18,210,262
4,10,9:20,211,262
4,10,9:22,212,262
4,10,9:24,212,261
4,10,9:26,212,260
4,10,9:28,213,260
4,10,9:30,214,260
4,10,9:32,214,259
4,10,9:34,214,258
4,10,9:36,215,258
4,10,9:38,216,258
4,10,9:40,216,257
4,10,9:42,216,256
4,10,9:44,217,256
4,10,9:46,218,256
4,10,9:48,218,255
4,10,9:50,218,254
4,10,9:52,219,254
4,10,9:54,220,254
4,10,9:56,220,253
4,10,9:58,220,252
4,10,10:00,221,252
4,10,10:02,222,252
4,10,10:04,222,251
4,10,10:06,222,250
4,10,10:08,223,250
4,10,10:10,224,250
4,10,10:12,224,249
4,10,10:14,224,248
4,10,10:16,225,248
4,10,10:18,226,248
4,10,10:20,226,247
4,10,10:22,226,246
4,10,10:24,227,246
4,10,10:26,228,246
4,10,10:28,228,245
4,10,10:30,228,244
4,10,10:32,229,244
4,10,10:34,230,244
4,10,10:36,230,243
4,10,10:38,230,242
4,10,10:40,231,242
4,10,10:42,232,242
4,10,10:44,232,241
4,10,10:46,233,241
4,10,10:48,234,241
4,10,10:50,235,241
4,10,10:52,236,241
5,10,4:40,142,328
5,10,4:42,143,328
5,10,4:44,144,328
5,10,4:46,145,328
5,10,4:48,146,328
5,10,4:50,146,327
5,10,4:52,146,326
5,10,4:54,147,326
5,10,4:56,148,326
5,10,4:58,148,325
5,10,5:00,148,324
5,10,5:02,149,324
5,10,5:04,150,324
5,10,5:06,150,323
5,10,5:08,150,322
5,10,5:10,151,322
5,10,5:12,152,322
5,10,5:14,152,321
5,10,5:16,152,320
5,10,5:18,153,320
5,10,5:20,154,320
5,10,5:22,154,319
5,10,5:24,154,318
5,10,5:26,155,318
5,10,5:28,156,318
5,10,5:30,156,317
5,10,5:32,156,316
5,10,5:34,157,316
5,10,5:36,158,316
5,10,5:38,158,315
5,10,5:40,158,314
5,10,5:42,159,314
5,10,5:44,160,314
5,10,5:46,160,313
5,10,5:48,160,312
5,10,5:50,161,312
5,10,5:52,162,312
5,10,5:54,162,311
5,10,5:56,162,310
5,10,5:58,163,310
5,10,6:00,164,310
5,10,6:02,164,309
5,10,6:04,165,309
5,10,6:06,166,309
5,10,6:08,167,309
5,10,6:10,168,309
5,10,6:12,169,309
5,10,6:14,170,309
5,10,6:16,171,309
5,10,6:18,172,309
5,10,6:20,173,309
5,10,6:22,174,309
5,10,6:24,175,309
5,10,6:26,176,309
5,10,6:28,177,309
5,10,6:30,177,308
5,10,6:32,177,307
5,10,6:34,178,307
5,10,6:36,179,307
5,10,6:38,179,306
5,10,6:40,179,305
5,10,6:42,180,305
5,10,6:44,181,305
5,10,6:46,181,304
5,10,6:48,181,303
5,10,6:50,182,303
5,10,6:52,183,303
5,10,6:54,183,302
5,10,6:56,183,301
5,10,6:58,184,301
5,10,7:00,185,301
5,10,7:02,185,300
5,10,7:04,185,299
5,10,7:06,186,299
5,10,7:08,187,299
5,10,7:10,187,298
5,10,7:12,187,297
5,10,7:14,188,297
5,10,7:16,189,297
5,10,7:18,189,296
5,10,7:20,189,295
5,10,7:22,190,295
5,10,7:24,191,295
5,10,7:26,191,294
5,10,7:28,191,293
5,10,7:30,192,293
5,10,7:32,193,293
5,10,7:34,193,292
5,10,7:36,193,291
5,10,7:38,194,291
5,10,7:40,195,291
5,10,7:42,195,290
5,10,7:44,195,289
5,10,7:46,196,289
5,10,7:48,197,289
5,10,7:50,197,288
5,10,7:52,197,287
5,10,7:54,198,287
5,10,7:56,199,287
5,10,7:58,199,286
5,10,8:00,199,285
5,10,8:02,200,285
5,10,8:04,201,285
5,10,8:06,201,284
5,10,8:08,202,284
5,10,8:10,203,284
5,10,8:12,204,284
5,10,8:14,205,284
5,10,8:16,206,284
5,10,8:18,207,284
5,10,8:20,208,284
5,10,8:22,209,284
5,10,8:24,209,283
5,10,8:26,210,283
5,10,8:28,211,283
5,10,8:30,212,283
5,10,8:32,213,283
5,10,8:34,214,283
5,10,8:36,215,283
5,10,8:38,216,283
5,10,8:40,217,283
5,10,8:42,218,283
5,10,8:44,219,283
5,10,8:46,220,283
5,10,8:48,221,283
5,10,8:50,222,283
5,10,8:52,223,283
5,10,8:54,224,283
5,10,8:56,225,283
5,10,8:58,226,283
5,10,9:00,227,283
5,10,9:02,228,283
5,10,9:04,229,283
5,10,9:06,230,283
5,10,9:08,231,283
5,10,9:10,232,283
5,10,9:12,233,283
5,10,9:14,234,283
5,10,9:16,235,283
5,10,9:18,236,283
5,10,9:20,237,283
5,10,9:22,238,283
5,10,9:24,238,284
5,10,9:26,238,285
5,10,9:28,239,285
5,10,9:30,240,285
5,10,9:32,241,285
5,10,9:34,241,284
5,10,9:36,241,283
5,10,9:38,242,283
5,10,9:40,243,283
5,10,9:42,243,282
5,10,9:44,243,281
5,10,9:46,244,281
5,10,9:48,245,281
5,10,9:50,246,281
5,10,9:52,247,281
5,10,9:54,248,281
5,10,9:56,249,281
5,10,9:58,250,281
5,10,10:00,251,281
5,10,10:02,252,281
5,10,10:04,253,281
5,10,10:06,254,281
5,10,10:08,255,281
5,10,10:10,256,281
5,10,10:12,257,281
5,10,10:14,258,281
5,10,10:16,259,281
5,10,10:18,260,281
5,10,10:20,261,281
5,10,10:22,262,281
5,10,10:24,263,281
5,10,10:26,264,281
5,10,10:28,265,281
5,10,10:30,266,281
5,10,10:32,267,281
5,10,10:34,268,281
5,10,10:36,269,281
5,10,10:38,270,281
5,10,10:40,271,281
5,10,10:42,272,281
5,10,10:44,273,281
5,10,10:46,274,281
5,10,10:48,275,281
5,10,10:50,276,281
5,10,10:52,277,281
5,10,10:54,278,281
5,10,10:56,279,281
5,10,10:58,280,281
5,10,11:00,281,281
5,10,11:02,282,281
5,10,11:04,283,281
5,10,11:06,284,281
5,10,11:08,285,281
5,10,11:10,286,281
5,10,11:12,287,281
5,10,11:14,288,281
5,10,11:16,289,281
5,10,11:18,290,281
5,10,11:20,291,281
5,10,11:22,292,281
5,10,11:24,293,281
5,10,11:26,294,281
5,10,11:28,295,281
5,10,11:30,296,281
5,10,11:32,297,281
5,10,11:34,298,281
5,10,11:36,299,281
5,10,11:38,300,281
5,10,11:40,301,281
5,10,11:42,302,281
5,10,11:44,303,281
5,10,11:46,304,281
5,10,11:48,305,281
5,10,11:50,306,281
5,10,11:52,307,281
5,10,11:54,308,281
5,10,11:56,309,281
5,10,11:58,310,281
5,10,12:00,311,281
5,10,12:02,312,281
5,10,12:04,313,281
5,10,12:06,314,281
5,10,12:08,315,281
6,10,4:20,142,328
6,10,4:22,143,328
6,10,4:24,144,328
6,10,4:26,145,328
6,10,4:28,146,328
6,10,4:30,146,327
6,10,4:32,146,326
6,10,4:34,147,326
6,10,4:36,148,326
6,10,4:38,148,325
6,10,4:40,148,324
6,10,4:42,149,324
6,10,4:44,150,324
6,10,4:46,150,323
6,10,4:48,150,322
6,10,4:50,151,322
6,10,4:52,152,322
6,10,4:54,152,321
6,10,4:56,152,320
6,10,4:58,153,320
6,10,5:00,154,320
6,10,5:02,154,319
6,10,5:04,154,318
6,10,5:06,155,318
6,10,5:08,156,318
6,10,5:10,156,317
6,10,5:12,156,316
6,10,5:14,157,316
6,10,5:16,158,316
6,10,5:18,158,315
6,10,5:20,158,314
6,10,5:22,159,314
6,10,5:24,160,314
6,10,5:26,160,313
6,10,5:28,160,312
6,10,5:30,161,312
6,10,5:32,162,312
6,10,5:34,162,311
6,10,5:36,162,310
6,10,5:38,163,310
6,10,5:40,164,310
6,10,5:42,164,309
6,10,5:44,164,308
6,10,5:46,165,308
6,10,5:48,166,308
6,10,5:50,166,307
6,10,5:52,166,306
6,10,5:54,167,306
6,10,5:56,168,306
6,10,5:58,168,305
6,10,6:00,168,304
6,10,6:02,169,304
6,10,6:04,170,304
6,10,6:06,170,303
6,10,6:08,170,302
6,10,6:10,171,302
6,10,6:12,172,302
6,10,6:14,172,301
6,10,6:16,172,300
6,10,6:18,173,300
6,10,6:20,174,300
6,10,6:22,174,299
6,10,6:24,174,298
6,10,6:26,175,298
6,10,6:28,176,298
6,10,6:30,176,297
6,10,6:32,176,296
6,10,6:34,177,296
6,10,6:36,178,296
6,10,6:38,178,295
6,10,6:40,178,294
6,10,6:42,179,294
6,10,6:44,180,294
6,10,6:46,180,293
6,10,6:48,180,292
6,10,6:50,181,292
6,10,6:52,182,292
6,10,6:54,182,291
6,10,6:56,182,290
6,10,6:58,183,290
6,10,7:00,184,290
6,10,7:02,184,289
6,10,7:04,184,288
6,10,7:06,185,288
6,10,7:08,186,288
6,10,7:10,186,287
6,10,7:12,186,286
6,10,7:14,187,286
6,10,7:16,188,286
6,10,7:18,188,285
6,10,7:20,188,284
6,10,7:22,189,284
6,10,7:24,190,284
6,10,7:26,190,283
6,10,7:28,190,282
6,10,7:30,191,282
6,10,7:32,192,282
6,10,7:34,192,281
6,10,7:36,192,280
6,10,7:38,193,280
6,10,7:40,194,280
6,10,7:42,194,279
6,10,7:44,194,278
6,10,7:46,195,278
6,10,7:48,196,278
6,10,7:50,196,277
6,10,7:52,196,276
6,10,7:54,197,276
6,10,7:56,198,276
6,10,7:58,198,275
6,10,8:00,198,274
6,10,8:02,199,274
6,10,8:04,200,274
6,10,8:06,200,273
6,10,8:08,200,272
6,10,8:10,201,272
6,10,8:12,202,272
6,10,8:14,202,271
6,10,8:16,202,270
6,10,8:18,203,270
6,10,8:20,204,270
6,10,8:22,204,269
6,10,8:24,204,268
6,10,8:26,205,268
6,10,8:28,206,268
6,10,8:30,206,267
6,10,8:32,206,266
6,10,8:34,207,266
6,10,8:36,208,266
6,10,8:38,208,265
6,10,8:40,208,264
6,10,8:42,209,264
6,10,8:44,210,264
6,10,8:46,210,263
6,10,8:48,210,262
6,10,8:50,211,262
6,10,8:52,212,262
6,10,8:54,212,261
6,10,8:56,212,260
6,10,8:58,213,260
6,10,9:00,214,260
6,10,9:02,214,259
6,10,9:04,214,258
6,10,9:06,215,258
6,10,9:08,216,258
6,10,9:10,216,257
6,10,9:12,216,256
6,10,9:14,217,256
6,10,9:16,218,256
6,10,9:18,218,255
6,10,9:20,218,254
6,10,9:22,219,254
6,10,9:24,220,254
6,10,9:26,220,253
6,10,9:28,220,252
6,10,9:30,221,252
6,10,9:32,222,252
6,10,9:34,222,251
6,10,9:36,222,250
6,10,9:38,223,250
6,10,9:40,224,250
6,10,9:42,224,249
6,10,9:44,224,248
6,10,9:46,225,248
6,10,9:48,226,248
6,10,9:50,226,247
6,10,9:52,226,246
6,10,9:54,227,246
6,10,9:56,228,246
6,10,9:58,228,245
6,10,10:00,228,244
6,10,10:02,229,244
6,10,10:04,230,244
6,10,10:06,230,243
6,10,10:08,230,242
6,10,10:10,231,242
6,10,10:12,232,242
6,10,10:14,232,241
6,10,10:16,232,240
6,10,10:18,233,240
6,10,10:20,234,240
6,10,10:22,234,239
6,10,10:24,234,238
6,10,10:26,235,238
6,10,10:28,236,238
6,10,10:30,236,237
6,10,10:32,236,236
6,10,10:34,237,236
6,10,10:36,238,236
6,10,10:38,238,235
6,10,10:40,238,234
6,10,10:42,239,234
6,10,10:44,240,234
6,10,10:46,240,233
6,10,10:48,240,232
6,10,10:50,241,232
6,10,10:52,242,232
6,10,10:54,242,231
6,10,10:56,242,230
6,10,10:58,243,230
6,10,11:00,244,230
6,10,11:02,244,229
6,10,11:04,244,228
6,10,11:06,245,228
6,10,11:08,246,228
6,10,11:10,246,227
6,10,11:12,246,226
6,10,11:14,247,226
6,10,11:16,248,226
6,10,11:18,248,225
6,10,11:20,248,224
6,10,11:22,249,224
6,10,11:24,250,224
6,10,11:26,250,223
6,10,11:28,251,223
6,10,11:30,252,223
6,10,11:32,253,223
6,10,11:34,254,223
6,10,11:36,255,223
6,10,11:38,256,223
6,10,11:40,257,223
6,10,11:42,258,223
6,10,11:44,259,223
6,10,11:46,260,223
6,10,11:48,261,223
6,10,11:50,262,223
6,10,11:52,263,223
6,10,11:54,264,223
6,10,11:56,265,223
6,10,11:58,266,223
6,10,12:00,267,223
6,10,12:02,268,223
6,10,12:04,269,223
6,10,12:06,270,223
6,10,12:08,271,223
6,10,12:10,272,223
6,10,12:12,273,223
6,10,12:14,274,223
6,10,12:16,275,223
6,10,12:18,276,223
6,10,12:20,277,223
6,10,12:22,278,223
6,10,12:24,279,223
6,10,12:26,280,223
6,10,12:28,281,223
6,10,12:30,282,223
6,10,12:32,283,223
6,10,12:34,284,223
6,10,12:36,285,223
6,10,12:38,286,223
6,10,12:40,287,223
6,10,12:42,288,223
6,10,12:44,289,223
6,10,12:46,290,223
6,10,12:48,291,223
6,10,12:50,292,223
6,10,12:52,293,223
6,10,12:54,294,223
6,10,12:56,295,223
6,10,12:58,296,223
6,10,13:00,297,223
6,10,13:02,298,223
6,10,13:04,299,223
6,10,13:06,300,223
6,10,13:08,301,223
6,10,13:10,302,223
6,10,13:12,303,223
6,10,13:14,303,224
6,10,13:16,304,224
6,10,13:18,305,224
6,10,13:20,306,224
6,10,13:22,307,224
6,10,13:24,308,224
6,10,13:26,309,224
6,10,13:28,310,224
6,10,13:30,311,224
6,10,13:32,312,224
6,10,13:34,313,224
6,10,13:36,314,224
6,10,13:38,315,224
6,10,13:40,316,224
6,10,13:42,317,224
6,10,13:44,317,223
6,10,13:46,318,223
6,10,13:48,319,223
6,10,13:50,319,222
6,10,13:52,319,221
6,10,13:54,320,221
6,10,13:56,321,221
6,10,13:58,321,220
6,10,14:00,321,219
6,10,14:02,322,219
6,10,14:04,323,219
6,10,14:06,323,218
6,10,14:08,323,217
7,10,4:30,142,328
7,10,4:32,143,328
7,10,4:34,144,328
7,10,4:36,145,328
7,10,4:38,146,328
7,10,4:40,146,327
7,10,4:42,146,326
7,10,4:44,147,326
7,10,4:46,148,326
7,10,4:48,148,325
7,10,4:50,148,324
7,10,4:52,149,324
7,10,4:54,150,324
7,10,4:56,150,323
7,10,4:58,150,322
7,10,5:00,151,322
7,10,5:02,152,322
7,10,5:04,152,321
7,10,5:06,152,320
7,10,5:08,153,320
7,10,5:10,154,320
7,10,5:12,154,319
7,10,5:14,154,318
7,10,5:16,155,318
7,10,5:18,156,318
7,10,5:20,156,317
7,10,5:22,156,316
7,10,5:24,157,316
7,10,5:26,158,316
7,10,5:28,158,315
7,10,5:30,158,314
7,10,5:32,159,314
7,10,5:34,160,314
7,10,5:36,160,313
7,10,5:38,160,312
7,10,5:40,161,312
7,10,5:42,162,312
7,10,5:44,162,311
7,10,5:46,162,310
7,10,5:48,163,310
7,10,5:50,164,310
7,10,5:52,164,309
7,10,5:54,164,308
7,10,5:56,165,308
7,10,5:58,166,308
7,10,6:00,166,307
7,10,6:02,166,306
7,10,6:04,167,306
7,10,6:06,168,306
7,10,6:08,168,305
7,10,6:10,168,304
7,10,6:12,169,304
7,10,6:14,170,304
7,10,6:16,170,303
7,10,6:18,170,302
7,10,6:20,171,302
7,10,6:22,172,302
7,10,6:24,172,301
7,10,6:26,172,300
7,10,6:28,173,300
7,10,6:30,174,300
7,10,6:32,174,299
7,10,6:34,174,298
7,10,6:36,175,298
7,10,6:38,176,298
7,10,6:40,176,297
7,10,6:42,176,296
7,10,6:44,177,296
7,10,6:46,178,296
7,10,6:48,178,295
7,10,6:50,178,294
7,10,6:52,179,294
7,10,6:54,180,294
7,10,6:56,180,293
7,10,6:58,180,292
7,10,7:00,181,292
7,10,7:02,182,292
7,10,7:04,182,291
7,10,7:06,182,290
7,10,7:08,183,290
7,10,7:10,184,290
7,10,7:12,184,289
7,10,7:14,184,288
7,10,7:16,185,288
7,10,7:18,186,288
7,10,7:20,186,287
7,10,7:22,186,286
7,10,7:24,187,286
7,10,7:26,188,286
7,10,7:28,188,285
7,10,7:30,188,284
7,10,7:32,189,284
7,10,7:34,190,284
7,10,7:36,190,283
7,10,7:38,190,282
7,10,7:40,191,282
7,10,7:42,192,282
7,10,7:44,192,281
7,10,7:46,192,280
7,10,7:48,193,280
7,10,7:50,194,280
7,10,7:52,194,279
7,10,7:54,194,278
7,10,7:56,195,278
7,10,7:58,196,278
7,10,8:00,196,277
7,10,8:02,196,276
7,10,8:04,197,276
7,10,8:06,198,276
7,10,8:08,198,275
7,10,8:10,198,274
7,10,8:12,199,274
7,10,8:14,200,274
7,10,8:16,200,273
7,10,8:18,200,272
7,10,8:20,201,272
7,10,8:22,202,272
7,10,8:24,202,271
7,10,8:26,202,270
7,10,8:28,203,270
7,10,8:30,204,270
7,10,8:32,204,269
7,10,8:34,204,268
7,10,8:36,205,268
7,10,8:38,206,268
7,10,8:40,206,267
7,10,8:42,206,266
7,10,8:44,207,266
7,10,8:46,208,266
7,10,8:48,208,265
7,10,8:50,208,264
7,10,8:52,209,264
7,10,8:54,210,264
7,10,8:56,210,263
7,10,8:58,210,262
7,10,9:00,211,262
7,10,9:02,212,262
7,10,9:04,212,261
7,10,9:06,212,260
7,10,9:08,213,260
7,10,9:10,214,260
7,10,9:12,214,259
7,10,9:14,214,258
7,10,9:16,215,258
7,10,9:18,216,258
7,10,9:20,216,257
7,10,9:22,216,256
7,10,9:24,217,256
7,10,9:26,218,256
7,10,9:28,218,255
7,10,9:30,218,254
7,10,9:32,219,254
7,10,9:34,220,254
7,10,9:36,220,253
7,10,9:38,220,252
7,10,9:40,221,252
7,10,9:42,222,252
7,10,9:44,222,251
7,10,9:46,222,250
7,10,9:48,223,250
7,10,9:50,224,250
7,10,9:52,224,249
7,10,9:54,224,248
7,10,9:56,225,248
7,10,9:58,226,248
7,10,10:00,226,247
7,10,10:02,226,246
7,10,10:04,227,246
7,10,10:06,228,246
7,10,10:08,228,245
7,10,10:10,228,244
7,10,10:12,229,244
7,10,10:14,230,244
7,10,10:16,230,243
7,10,10:18,230,242
7,10,10:20,231,242
7,10,10:22,232,242
7,10,10:24,232,241
7,10,10:26,232,240
7,10,10:28,233,240
7,10,10:30,234,240
7,10,10:32,234,239
7,10,10:34,234,238
7,10,10:36,235,238
7,10,10:38,236,238
7,10,10:40,236,237
7,10,10:42,237,237
7,10,10:44,238,237
7,10,10:46,239,237
7,10,10:48,240,237
7,10,10:50,241,237
7,10,10:52,242,237
7,10,10:54,243,237
7,10,10:56,244,237
7,10,10:58,245,237
7,10,11:00,246,237
7,10,11:02,247,237
7,10,11:04,248,237
7,10,11:06,249,237
7,10,11:08,250,237
7,10,11:10,251,237
7,10,11:12,252,237
7,10,11:14,253,237
7,10,11:16,254,237
7,10,11:18,255,237
7,10,11:20,256,237
7,10,11:22,257,237
7,10,11:24,258,237
7,10,11:26,259,237
7,10,11:28,260,237
7,10,11:30,261,237
7,10,11:32,262,237
7,10,11:34,263,237
7,10,11:36,264,237
7,10,11:38,265,237
7,10,11:40,266,237
7,10,11:42,267,237
7,10,11:44,268,237
7,10,11:46,269,237
7,10,11:48,270,237
7,10,11:50,271,237
7,10,11:52,272,237
7,10,11:54,273,237
7,10,11:56,274,237
7,10,11:58,275,237
7,10,12:00,276,237
7,10,12:02,277,237
7,10,12:04,278,237
7,10,12:06,279,237
7,10,12:08,280,237
7,10,12:10,281,237
7,10,12:12,282,237
7,10,12:14,283,237
7,10,12:16,284,237
7,10,12:18,285,237
7,10,12:20,286,237
7,10,12:22,287,237
7,10,12:24,288,237
7,10,12:26,289,237
7,10,12:28,290,237
7,10,12:30,291,237
7,10,12:32,292,237
7,10,12:34,293,237
7,10,12:36,294,237
7,10,12:38,295,237
7,10,12:40,296,237
7,10,12:42,297,237
7,10,12:44,298,237
7,10,12:46,299,237
7,10,12:48,300,237
7,10,12:50,301,237
7,10,12:52,302,237
7,10,12:54,303,237
7,10,12:56,304,237
7,10,12:58,305,237
7,10,13:00,306,237
7,10,13:02,307,237
7,10,13:04,308,237
7,10,13:06,309,237
7,10,13:08,310,237
7,10,13:10,311,237
7,10,13:12,312,237
7,10,13:14,313,237
7,10,13:16,314,237
7,10,13:18,315,237
7,10,13:20,316,237
7,10,13:22,317,237
7,10,13:24,318,237
7,10,13:26,319,237
7,10,13:28,320,237
7,10,13:30,321,237
7,10,13:32,322,237
7,10,13:34,323,237
7,10,13:36,324,237
7,10,13:38,325,237
7,10,13:40,326,237
7,10,13:42,327,237
7,10,13:44,328,237
7,10,13:46,329,237
7,10,13:48,330,237
7,10,13:50,331,237
7,10,13:52,332,237
7,10,13:54,333,237
7,10,13:56,334,237
7,10,13:58,335,237
7,10,14:00,336,237
7,10,14:02,337,237
7,10,14:04,338,237
7,10,14:06,339,237
7,10,14:08,340,237
7,10,14:10,341,237
7,10,14:12,342,237
7,10,14:14,343,237
7,10,14:16,344,237
7,10,14:18,345,237
7,10,14:20,346,237
7,10,14:22,347,237
7,10,14:24,348,237
7,10,14:26,349,237
7,10,14:28,350,237
7,10,14:30,351,237
7,10,14:32,352,237
7,10,14:34,353,237
7,10,14:36,354,237
7,10,14:38,355,237
7,10,14:40,356,237
7,10,14:42,357,237
7,10,14:44,358,237
7,10,14:46,359,237
7,10,14:48,360,237
7,10,14:50,361,237
7,10,14:52,362,237
7,10,14:54,363,237
8,10,4:10,142,328
8,10,4:12,143,328
8,10,4:14,144,328
8,10,4:16,145,328
8,10,4:18,146,328
8,10,4:20,146,327
8,10,4:22,146,326
8,10,4:24,147,326
8,10,4:26,148,326
8,10,4:28,148,325
8,10,4:30,148,324
8,10,4:32,149,324
8,10,4:34,150,324
8,10,4:36,150,323
8,10,4:38,150,322
8,10,4:40,151,322
8,10,4:42,152,322
8,10,4:44,152,321
8,10,4:46,152,320
8,10,4:48,153,320
8,10,4:50,154,320
8,10,4:52,154,319
8,10,4:54,154,318
8,10,4:56,155,318
8,10,4:58,156,318
8,10,5:00,156,317
8,10,5:02,156,316
8,10,5:04,157,316
8,10,5:06,158,316
8,10,5:08,158,315
8,10,5:10,158,314
8,10,5:12,159,314
8,10,5:14,160,314
8,10,5:16,160,313
8,10,5:18,160,312
8,10,5:20,161,312
8,10,5:22,162,312
8,10,5:24,162,311
8,10,5:26,162,310
8,10,5:28,163,310
8,10,5:30,164,310
8,10,5:32,164,309
8,10,5:34,165,309
8,10,5:36,166,309
8,10,5:38,167,309
8,10,5:40,168,309
8,10,5:42,169,309
8,10,5:44,170,309
8,10,5:46,171,309
8,10,5:48,172,309
8,10,5:50,173,309
8,10,5:52,174,309
8,10,5:54,175,309
8,10,5:56,176,309
8,10,5:58,177,309
8,10,6:00,178,309
8,10,6:02,179,309
8,10,6:04,180,309
8,10,6:06,181,309
8,10,6:08,182,309
8,10,6:10,183,309
8,10,6:12,184,309
8,10,6:14,185,309
8,10,6:16,185,308
8,10,6:18,185,307
8,10,6:20,186,307
8,10,6:22,187,307
8,10,6:24,187,306
8,10,6:26,187,305
8,10,6:28,188,305
8,10,6:30,189,305
8,10,6:32,189,304
8,10,6:34,189,303
8,10,6:36,190,303
8,10,6:38,191,303
8,10,6:40,191,302
8,10,6:42,191,301
8,10,6:44,192,301
8,10,6:46,193,301
8,10,6:48,193,300
8,10,6:50,193,299
8,10,6:52,194,299
8,10,6:54,195,299
8,10,6:56,195,298
8,10,6:58,195,297
8,10,7:00,196,297
8,10,7:02,197,297
8,10,7:04,197,296
8,10,7:06,197,295
8,10,7:08,198,295
8,10,7:10,199,295
8,10,7:12,199,294
8,10,7:14,199,293
8,10,7:16,200,293
8,10,7:18,201,293
8,10,7:20,201,292
8,10,7:22,201,291
8,10,7:24,202,291
8,10,7:26,203,291
8,10,7:28,203,290
8,10,7:30,203,289
8,10,7:32,204,289
8,10,7:34,205,289
8,10,7:36,205,288
8,10,7:38,205,287
8,10,7:40,206,287
8,10,7:42,207,287
8,10,7:44,207,286
8,10,7:46,207,285
8,10,7:48,208,285
8,10,7:50,209,285
8,10,7:52,209,284
8,10,7:54,210,284
8,10,7:56,211,284
8,10,7:58,212,284
8,10,8:00,213,284
8,10,8:02,214,284
8,10,8:04,215,284
8,10,8:06,216,284
8,10,8:08,217,284
8,10,8:10,217,283
8,10,8:12,218,283
8,10,8:14,219,283
8,10,8:16,220,283
8,10,8:18,221,283
8,10,8:20,222,283
8,10,8:22,223,283
8,10,8:24,224,283
8,10,8:26,225,283
8,10,8:28,226,283
8,10,8:30,227,283
8,10,8:32,228,283
8,10,8:34,229,283
8,10,8:36,230,283
8,10,8:38,231,283
8,10,8:40,232,283
8,10,8:42,233,283
8,10,8:44,234,283
8,10,8:46,235,283
8,10,8:48,236,283
8,10,8:50,237,283
8,10,8:52,238,283
8,10,8:54,239,283
8,10,8:56,240,283
8,10,8:58,241,283
8,10,9:00,242,283
8,10,9:02,243,283
8,10,9:04,243,282
8,10,9:06,243,281
8,10,9:08,244,281
8,10,9:10,245,281
8,10,9:12,245,280
8,10,9:14,245,279
8,10,9:16,246,279
8,10,9:18,247,279
8,10,9:20,247,278
8,10,9:22,247,277
8,10,9:24,248,277
8,10,9:26,249,277
8,10,9:28,249,276
8,10,9:30,249,275
8,10,9:32,250,275
8,10,9:34,251,275
8,10,9:36,251,274
8,10,9:38,251,273
8,10,9:40,252,273
8,10,9:42,253,273
8,10,9:44,253,272
8,10,9:46,253,271
8,10,9:48,254,271
8,10,9:50,255,271
8,10,9:52,255,270
8,10,9:54,255,269
8,10,9:56,256,269
8,10,9:58,257,269
8,10,10:00,257,268
8,10,10:02,257,267
8,10,10:04,258,267
8,10,10:06,259,267
8,10,10:08,259,266
8,10,10:10,260,266
8,10,10:12,261,266
8,10,10:14,262,266
8,10,10:16,263,266
8,10,10:18,264,266
8,10,10:20,265,266
8,10,10:22,266,266
8,10,10:24,267,266
8,10,10:26,268,266
8,10,10:28,269,266
8,10,10:30,270,266
8,10,10:32,271,266
8,10,10:34,272,266
8,10,10:36,273,266
8,10,10:38,274,266
8,10,10:40,275,266
8,10,10:42,276,266
8,10,10:44,277,266
8,10,10:46,278,266
8,10,10:48,279,266
8,10,10:50,280,266
8,10,10:52,281,266
8,10,10:54,282,266
8,10,10:56,283,266
8,10,10:58,284,266
8,10,11:00,285,266
8,10,11:02,286,266
8,10,11:04,287,266
8,10,11:06,288,266
8,10,11:08,289,266
8,10,11:10,290,266
8,10,11:12,291,266
8,10,11:14,292,266
8,10,11:16,293,266
8,10,11:18,294,266
8,10,11:20,295,266
8,10,11:22,296,266
8,10,11:24,297,266
8,10,11:26,298,266
8,10,11:28,299,266
8,10,11:30,300,266
8,10,11:32,301,266
8,10,11:34,302,266
8,10,11:36,303,266
8,10,11:38,304,266
8,10,11:40,305,266
8,10,11:42,306,266
8,10,11:44,307,266
8,10,11:46,308,266
8,10,11:48,309,266
8,10,11:50,310,266
8,10,11:52,311,266
8,10,11:54,312,266
8,10,11:56,313,266
8,10,11:58,314,266
8,10,12:00,315,266
8,10,12:02,316,266
8,10,12:04,317,266
8,10,12:06,318,266
8,10,12:08,319,266
8,10,12:10,320,266
8,10,12:12,321,266
8,10,12:14,322,266
8,10,12:16,323,266
8,10,12:18,324,266
8,10,12:20,325,266
8,10,12:22,326,266
8,10,12:24,327,266
8,10,12:26,328,266
8,10,12:28,329,266
8,10,12:30,330,266
8,10,12:32,331,266
8,10,12:34,332,266
8,10,12:36,333,266
8,10,12:38,334,266
8,10,12:40,335,266
8,10,12:42,336,266
8,10,12:44,337,266
8,10,12:46,338,266
8,10,12:48,339,266
8,10,12:50,340,266
8,10,12:52,341,266
8,10,12:54,342,266
8,10,12:56,343,266
8,10,12:58,344,266
8,10,13:00,345,266
8,10,13:02,346,266
8,10,13:04,347,266
8,10,13:06,348,266
8,10,13:08,349,266
8,10,13:10,350,266
8,10,13:12,351,266
8,10,13:14,352,266
8,10,13:16,353,266
8,10,13:18,354,266
8,10,13:20,355,266
8,10,13:22,356,266
8,10,13:24,357,266
8,10,13:26,358,266
8,10,13:28,359,266
8,10,13:30,360,266
8,10,13:32,361,266
8,10,13:34,362,266
8,10,13:36,363,266
8,10,13:38,364,266
8,10,13:40,365,266
8,10,13:42,366,266
8,10,13:44,367,266
8,10,13:46,368,266
8,10,13:48,369,266
8,10,13:50,370,266
8,10,13:52,371,266
8,10,13:54,372,266
8,10,13:56,373,266
8,10,13:58,374,266
8,10,14:00,375,266
8,10,14:02,376,266
8,10,14:04,377,266
8,10,14:06,378,266
8,10,14:08,379,266
8,10,14:10,380,266
8,10,14:12,381,266
8,10,14:14,382,266
8,10,14:16,383,266
8,10,14:18,384,266
8,10,14:20,385,266
8,10,14:22,386,266
8,10,14:24,387,266
8,10,14:26,388,266
8,10,14:28,389,266
8,10,14:30,390,266
8,10,14:32,391,266
8,10,14:34,392,266
8,10,14:36,393,266
8,10,14:38,394,266
8,10,14:40,395,266
8,10,14:42,396,266
8,10,14:44,397,266
8,10,14:46,398,266
8,10,14:48,399,266
8,10,14:50,400,266
8,10,14:52,401,266
8,10,14:54,402,266
8,10,14:56,403,266
8,10,14:58,404,266
8,10,15:00,405,266
8,10,15:02,406,266
8,10,15:04,407,266
8,10,15:06,408,266
8,10,15:08,409,266
8,10,15:10,410,266
8,10,15:12,411,266
8,10,15:14,412,266
8,10,15:16,413,266
8,10,15:18,414,266
8,10,15:20,415,266
8,10,15:22,416,266
8,10,15:24,417,266
8,10,15:26,418,266
8,10,15:28,419,266
8,10,15:30,420,266
8,10,15:32,421,266
8,10,15:34,422,266
8,10,15:36,423,266
9,10,5:30,142,328
9,10,5:32,141,328
9,10,5:34,141,329
9,10,5:36,141,330
9,10,5:38,141,331
9,10,5:40,141,332
9,10,5:42,140,332
9,10,5:44,140,333
9,10,5:46,140,334
9,10,5:48,140,335
9,10,5:50,140,336
9,10,5:52,140,337
9,10,5:54,139,337
9,10,5:56,139,338
9,10,5:58,139,339
9,10,6:00,139,340
9,10,6:02,139,341
9,10,6:04,139,342
9,10,6:06,138,342
9,10,6:08,138,343
9,10,6:10,138,344
9,10,6:12,138,345
9,10,6:14,138,346
9,10,6:16,138,347
9,10,6:18,137,347
9,10,6:20,137,348
9,10,6:22,137,349
9,10,6:24,137,350
9,10,6:26,137,351
9,10,6:28,137,352
9,10,6:30,136,352
9,10,6:32,136,353
9,10,6:34,136,354
9,10,6:36,136,355
9,10,6:38,136,356
9,10,6:40,136,357
9,10,6:42,135,357
9,10,6:44,135,358
9,10,6:46,135,359
9,10,6:48,135,360
9,10,6:50,135,361
9,10,6:52,135,362
9,10,6:54,134,362
9,10,6:56,134,363
9,10,6:58,134,364
9,10,7:00,134,365
9,10,7:02,134,366
9,10,7:04,134,367
9,10,7:06,133,367
9,10,7:08,133,368
9,10,7:10,133,369
9,10,7:12,133,370
9,10,7:14,133,371
9,10,7:16,133,372
9,10,7:18,132,372
9,10,7:20,132,373
9,10,7:22,132,374
9,10,7:24,132,375
9,10,7:26,131,375
9,10,7:28,130,375
9,10,7:30,129,375
9,10,7:32,128,375
9,10,7:34,127,375
9,10,7:36,126,375
9,10,7:38,125,375
10,10,5:10,142,328
10,10,5:12,143,328
10,10,5:14,144,328
10,10,5:16,145,328
10,10,5:18,146,328
10,10,5:20,146,327
10,10,5:22,146,326
10,10,5:24,147,326
10,10,5:26,148,326
10,10,5:28,148,325
10,10,5:30,148,324
10,10,5:32,149,324
10,10,5:34,150,324
10,10,5:36,150,323
10,10,5:38,150,322
10,10,5:40,151,322
10,10,5:42,152,322
10,10,5:44,152,321
10,10,5:46,152,320
10,10,5:48,153,320
10,10,5:50,154,320
10,10,5:52,154,319
10,10,5:54,154,318
10,10,5:56,155,318
10,10,5:58,156,318
10,10,6:00,156,317
10,10,6:02,156,316
10,10,6:04,157,316
10,10,6:06,158,316
10,10,6:08,158,315
10,10,6:10,158,314
10,10,6:12,159,314
10,10,6:14,160,314
10,10,6:16,160,313
10,10,6:18,160,312
10,10,6:20,161,312
10,10,6:22,162,312
10,10,6:24,162,311
10,10,6:26,162,310
10,10,6:28,163,310
10,10,6:30,164,310
10,10,6:32,164,309
10,10,6:34,164,308
10,10,6:36,165,308
10,10,6:38,166,308
10,10,6:40,166,307
10,10,6:42,166,306
10,10,6:44,167,306
10,10,6:46,168,306
10,10,6:48,168,305
10,10,6:50,168,304
10,10,6:52,169,304
10,10,6:54,170,304
10,10,6:56,170,303
10,10,6:58,170,302
10,10,7:00,171,302
10,10,7:02,172,302
10,10,7:04,172,301
10,10,7:06,172,300
10,10,7:08,173,300
10,10,7:10,174,300
10,10,7:12,174,299
10,10,7:14,174,298
10,10,7:16,175,298
10,10,7:18,176,298
10,10,7:20,176,297
10,10,7:22,176,296
10,10,7:24,177,296
10,10,7:26,178,296
10,10,7:28,178,295
10,10,7:30,178,294
10,10,7:32,179,294
10,10,7:34,180,294
10,10,7:36,180,293
10,10,7:38,180,292
10,10,7:40,181,292
10,10,7:42,182,292
10,10,7:44,182,291
10,10,7:46,182,290
10,10,7:48,183,290
10,10,7:50,184,290
10,10,7:52,184,289
10,10,7:54,184,288
10,10,7:56,185,288
10,10,7:58,186,288
10,10,8:00,186,287
10,10,8:02,186,286
10,10,8:04,187,286
10,10,8:06,188,286
10,10,8:08,188,285
10,10,8:10,188,284
10,10,8:12,189,284
10,10,8:14,189,283
10,10,8:16,189,282
10,10,8:18,189,281
10,10,8:20,189,280
10,10,8:22,189,279
10,10,8:24,189,278
10,10,8:26,189,277
10,10,8:28,189,276
10,10,8:30,189,275
10,10,8:32,189,274
